sub_topic_name,comment_url
高以翔,https://weibo.cn/comment/Ii6kWuOWR
高以翔,https://weibo.cn/comment/Iilr76LjR
高以翔,https://weibo.cn/comment/IiBnqpqT7
高以翔,https://weibo.cn/comment/Ii5QKf6EH
高以翔,https://weibo.cn/comment/IizbPnjVe
高以翔,https://weibo.cn/comment/Ii6s9xVZP
高以翔,https://weibo.cn/comment/Iiwl3xzII
高以翔,https://weibo.cn/comment/IiAXx1crO
高以翔,https://weibo.cn/comment/Ii8cRrMi8
高以翔,https://weibo.cn/comment/Ii6WYuIRq
高以翔,https://weibo.cn/comment/Ii5Gep0Lc
高以翔,https://weibo.cn/comment/Ii9NC3BqH
高以翔,https://weibo.cn/comment/Ii5XNyYxQ
高以翔,https://weibo.cn/comment/IiuMM2Qfz
高以翔,https://weibo.cn/comment/IipT3tVaz
高以翔,https://weibo.cn/comment/IinfksybE
高以翔,https://weibo.cn/comment/IiAR13k7n
高以翔,https://weibo.cn/comment/Ii6o4kBKf
高以翔,https://weibo.cn/comment/IitNqaXXS
高以翔,https://weibo.cn/comment/Ii6cdqdwz
高以翔去世,https://weibo.cn/comment/IipNXjNZe
高以翔去世,https://weibo.cn/comment/IifBYcJyd
高以翔去世,https://weibo.cn/comment/Ii7MN70E2
高以翔去世,https://weibo.cn/comment/IiB3RqHIP
高以翔去世,https://weibo.cn/comment/IirV5xhUs
高以翔去世,https://weibo.cn/comment/IicxftnLC
高以翔去世,https://weibo.cn/comment/Iigo37Ork
高以翔去世,https://weibo.cn/comment/IictAzxYm
高以翔去世,https://weibo.cn/comment/Ii8BL7p4k
高以翔去世,https://weibo.cn/comment/Ii928l3yf
高以翔去世,https://weibo.cn/comment/Iiufmki31
高以翔去世,https://weibo.cn/comment/Ii7OOowMQ
高以翔去世,https://weibo.cn/comment/Iiz3Z2KrC
高以翔去世,https://weibo.cn/comment/Iia0VlXzu
高以翔去世,https://weibo.cn/comment/Iiqyozyjg
高以翔去世,https://weibo.cn/comment/Ii7KAig2u
高以翔去世,https://weibo.cn/comment/Ii8fo5OHw
高以翔去世,https://weibo.cn/comment/Ii8vcuGIh
高以翔去世,https://weibo.cn/comment/Iib5LkRhk
高以翔去世,https://weibo.cn/comment/IigXmr5Wv
高以翔怎么了,https://weibo.cn/comment/Ii7jlyQvu
高以翔怎么了,https://weibo.cn/comment/Ii6u3s6oc
高以翔怎么了,https://weibo.cn/comment/Ii6XwvpZV
高以翔怎么了,https://weibo.cn/comment/Ii6v6sK1T
高以翔怎么了,https://weibo.cn/comment/Ii5QKf6EH
高以翔怎么了,https://weibo.cn/comment/Ii7Pyu7XN
高以翔怎么了,https://weibo.cn/comment/Ii6s9xVZP
高以翔怎么了,https://weibo.cn/comment/Ii6RwbMaR
高以翔怎么了,https://weibo.cn/comment/Ii5Gep0Lc
高以翔怎么了,https://weibo.cn/comment/Ii6WYuIRq
高以翔怎么了,https://weibo.cn/comment/Ii6Af0XAA
高以翔怎么了,https://weibo.cn/comment/Ii6RLfxM7
高以翔怎么了,https://weibo.cn/comment/Ii6HWvImi
高以翔怎么了,https://weibo.cn/comment/Ii6z392Km
高以翔怎么了,https://weibo.cn/comment/Ii7i5eyab
高以翔怎么了,https://weibo.cn/comment/Ii7o4FOpz
高以翔怎么了,https://weibo.cn/comment/Ii70Adwki
高以翔怎么了,https://weibo.cn/comment/Ii7LEeZmZ
高以翔怎么了,https://weibo.cn/comment/Ii7x35xgR
高以翔怎么了,https://weibo.cn/comment/Ii7aJzUm4
高以翔好友婚礼 彩虹,https://weibo.cn/comment/IitGZxays
高以翔好友婚礼 彩虹,https://weibo.cn/comment/IiuZYgrvV
高以翔好友婚礼 彩虹,https://weibo.cn/comment/Iitv8mCfE
高以翔好友婚礼 彩虹,https://weibo.cn/comment/IitKMb8bg
高以翔好友婚礼 彩虹,https://weibo.cn/comment/IitIxzjFs
高以翔好友婚礼 彩虹,https://weibo.cn/comment/IivLZBUV2
高以翔好友婚礼 彩虹,https://weibo.cn/comment/IizMPfPnX
高以翔好友婚礼 彩虹,https://weibo.cn/comment/Iiv8o7Spe
高以翔好友婚礼 彩虹,https://weibo.cn/comment/IizNpjatM
高以翔好友婚礼 彩虹,https://weibo.cn/comment/Iiyw591nj
高以翔好友婚礼 彩虹,https://weibo.cn/comment/Iiu3pwEWB
高以翔好友婚礼 彩虹,https://weibo.cn/comment/IiAcWzc7l
高以翔好友婚礼 彩虹,https://weibo.cn/comment/IivLXxywW
高以翔好友婚礼 彩虹,https://weibo.cn/comment/IiuLOF2aI
高以翔好友婚礼 彩虹,https://weibo.cn/comment/IivtSruHw
高以翔好友婚礼 彩虹,https://weibo.cn/comment/IiuG90VfS
高以翔好友婚礼 彩虹,https://weibo.cn/comment/IivCvzzAZ
高以翔好友婚礼 彩虹,https://weibo.cn/comment/Iiv3z3p8l
高以翔好友婚礼 彩虹,https://weibo.cn/comment/IiuXO68lt
高以翔好友婚礼 彩虹,https://weibo.cn/comment/Iiv8Fejiq
高以翔女友更新签名,https://weibo.cn/comment/IipNXjNZe
高以翔女友更新签名,https://weibo.cn/comment/Iip8J5evR
高以翔女友更新签名,https://weibo.cn/comment/IiqpqwUEp
高以翔女友更新签名,https://weibo.cn/comment/IiqPdo8RL
高以翔女友更新签名,https://weibo.cn/comment/Iiqjse55e
高以翔女友更新签名,https://weibo.cn/comment/IiqeZm1xs
高以翔女友更新签名,https://weibo.cn/comment/IiryHhHyR
高以翔女友更新签名,https://weibo.cn/comment/IipRscSR6
高以翔女友更新签名,https://weibo.cn/comment/IiqaWcA8s
高以翔女友更新签名,https://weibo.cn/comment/IiuLOF2aI
高以翔女友更新签名,https://weibo.cn/comment/IiuXO68lt
高以翔女友更新签名,https://weibo.cn/comment/IiqvxjOWi
高以翔女友更新签名,https://weibo.cn/comment/IirsNb0ru
高以翔女友更新签名,https://weibo.cn/comment/Iiqlu8BD7
高以翔女友更新签名,https://weibo.cn/comment/Iitif4gZc
高以翔女友更新签名,https://weibo.cn/comment/Iiq4wsO7T
高以翔女友更新签名,https://weibo.cn/comment/IisRGzzZw
高以翔女友更新签名,https://weibo.cn/comment/IiqcKb2cK
高以翔女友更新签名,https://weibo.cn/comment/Iiqufh844
高以翔女友更新签名,https://weibo.cn/comment/IivCvzzAZ
高以翔追思会,https://weibo.cn/comment/IicxftnLC
高以翔追思会,https://weibo.cn/comment/Iihqa5WM7
高以翔追思会,https://weibo.cn/comment/IigXmr5Wv
高以翔追思会,https://weibo.cn/comment/Ii891iyrC
高以翔追思会,https://weibo.cn/comment/IigMwaywq
高以翔追思会,https://weibo.cn/comment/IiBOksqhh
高以翔追思会,https://weibo.cn/comment/Iihh5aGm3
高以翔追思会,https://weibo.cn/comment/IiBEUBt3H
高以翔追思会,https://weibo.cn/comment/IilvF46G5
高以翔追思会,https://weibo.cn/comment/IihjnAgIo
高以翔追思会,https://weibo.cn/comment/IihgWjqSR
高以翔追思会,https://weibo.cn/comment/IizbPnjVe
高以翔追思会,https://weibo.cn/comment/Iii1sATzz
高以翔追思会,https://weibo.cn/comment/IifMS0D0R
高以翔追思会,https://weibo.cn/comment/IiqLjmQ8Z
高以翔追思会,https://weibo.cn/comment/IiqGHlJJF
高以翔追思会,https://weibo.cn/comment/IiiJh4JH9
高以翔追思会,https://weibo.cn/comment/IigTyk43C
高以翔追思会,https://weibo.cn/comment/IiiONvta8
高以翔追思会,https://weibo.cn/comment/IiiDqcgEO
高以翔助理发博,https://weibo.cn/comment/IiAaCmoFd
高以翔助理发博,https://weibo.cn/comment/IizTCoaKj
高以翔助理发博,https://weibo.cn/comment/IiAemErEJ
高以翔助理发博,https://weibo.cn/comment/IizXceXZR
高以翔助理发博,https://weibo.cn/comment/IivuRE2JK
高以翔助理发博,https://weibo.cn/comment/IiAhWexgq
高以翔助理发博,https://weibo.cn/comment/IizJCoKE9
高以翔助理发博,https://weibo.cn/comment/IizCRnIJE
高以翔助理发博,https://weibo.cn/comment/IigSYgegk
高以翔助理发博,https://weibo.cn/comment/IizKUv8uM
高以翔助理发博,https://weibo.cn/comment/IiAf16kjb
高以翔助理发博,https://weibo.cn/comment/IiAIjeRB5
高以翔助理发博,https://weibo.cn/comment/IiAOq0JJc
高以翔助理发博,https://weibo.cn/comment/IiAgLfj4f
高以翔助理发博,https://weibo.cn/comment/IiAkjocwd
高以翔助理发博,https://weibo.cn/comment/IiAMOs2jn
高以翔助理发博,https://weibo.cn/comment/IiAaK2tj5
高以翔助理发博,https://weibo.cn/comment/IiAbN5py3
高以翔助理发博,https://weibo.cn/comment/IiAdmyrhb
高以翔助理发博,https://weibo.cn/comment/IiAqdu8Ta
高以翔爸爸,https://weibo.cn/comment/Iim0wiJGf
高以翔爸爸,https://weibo.cn/comment/IilRH5t1Z
高以翔爸爸,https://weibo.cn/comment/IifUohpHE
高以翔爸爸,https://weibo.cn/comment/IiiZz3VaH
高以翔爸爸,https://weibo.cn/comment/IiiVvjdcz
高以翔爸爸,https://weibo.cn/comment/IilSYj6o3
高以翔爸爸,https://weibo.cn/comment/IilQfw12a
高以翔爸爸,https://weibo.cn/comment/IilPuft8S
高以翔爸爸,https://weibo.cn/comment/IilTdnpVy
高以翔爸爸,https://weibo.cn/comment/IilUO1Nng
高以翔爸爸,https://weibo.cn/comment/IilW4CLzE
高以翔爸爸,https://weibo.cn/comment/IilPt6xT4
高以翔爸爸,https://weibo.cn/comment/IilRivJEI
高以翔爸爸,https://weibo.cn/comment/Iim4gzJNI
高以翔爸爸,https://weibo.cn/comment/Iim66BY8R
高以翔爸爸,https://weibo.cn/comment/IiArTyBJx
高以翔爸爸,https://weibo.cn/comment/IilXH5rE9
高以翔爸爸,https://weibo.cn/comment/Iily2uemB
高以翔爸爸,https://weibo.cn/comment/Iimo2j5xy
高以翔爸爸,https://weibo.cn/comment/IipbsFkzb
高以翔追我吧录制画面,https://weibo.cn/comment/Iigo37Ork
高以翔追我吧录制画面,https://weibo.cn/comment/IictAzxYm
高以翔追我吧录制画面,https://weibo.cn/comment/Ii8fo5OHw
高以翔追我吧录制画面,https://weibo.cn/comment/IihCBiC3U
高以翔追我吧录制画面,https://weibo.cn/comment/IigKREWiV
高以翔追我吧录制画面,https://weibo.cn/comment/IifFYnZBL
高以翔追我吧录制画面,https://weibo.cn/comment/IifLL8KpE
高以翔追我吧录制画面,https://weibo.cn/comment/IifJXtVLk
高以翔追我吧录制画面,https://weibo.cn/comment/IigoDtrcv
高以翔追我吧录制画面,https://weibo.cn/comment/IifPQ55sf
高以翔追我吧录制画面,https://weibo.cn/comment/Iic6qt0vH
高以翔追我吧录制画面,https://weibo.cn/comment/IifZMcxS7
高以翔追我吧录制画面,https://weibo.cn/comment/Ii6yjkWdS
高以翔追我吧录制画面,https://weibo.cn/comment/IicF6aF0j
高以翔追我吧录制画面,https://weibo.cn/comment/IiqrknuSQ
高以翔追我吧录制画面,https://weibo.cn/comment/IifKR2Npg
高以翔追我吧录制画面,https://weibo.cn/comment/Iih7dxuV1
高以翔追我吧录制画面,https://weibo.cn/comment/IifGXhqcz
高以翔追我吧录制画面,https://weibo.cn/comment/Iig5cavK1
高以翔追我吧录制画面,https://weibo.cn/comment/IiuLD8Z5y
高以翔猝死,https://weibo.cn/comment/Ii7LkFHrq
高以翔猝死,https://weibo.cn/comment/Ii7MUcbAm
高以翔猝死,https://weibo.cn/comment/Ii7Qjtmkn
高以翔猝死,https://weibo.cn/comment/Ii8dZu285
高以翔猝死,https://weibo.cn/comment/Ii8UvhtmP
高以翔猝死,https://weibo.cn/comment/Ii9GhgA9s
高以翔猝死,https://weibo.cn/comment/Ii9QIanWM
高以翔猝死,https://weibo.cn/comment/Ii82zbuUf
高以翔猝死,https://weibo.cn/comment/Ii7ZOEMYr
高以翔猝死,https://weibo.cn/comment/IikUsERBz
高以翔猝死,https://weibo.cn/comment/Ii7OYa8fB
高以翔猝死,https://weibo.cn/comment/Iil9Xng89
高以翔猝死,https://weibo.cn/comment/Ii7UavZFx
高以翔猝死,https://weibo.cn/comment/Ii7TQqAV7
高以翔猝死,https://weibo.cn/comment/Ii7PCCbIO
高以翔猝死,https://weibo.cn/comment/IicGT0ZUp
高以翔猝死,https://weibo.cn/comment/Ii8bIe5Rf
高以翔猝死,https://weibo.cn/comment/Iigo89UIY
高以翔猝死,https://weibo.cn/comment/Ii8qaaoIw
高以翔猝死,https://weibo.cn/comment/Iia5ZtSfU
悼念高以翔,https://weibo.cn/comment/Ii8CenApK
悼念高以翔,https://weibo.cn/comment/Ii8Rl4hUU
悼念高以翔,https://weibo.cn/comment/Ii8GNbmnY
悼念高以翔,https://weibo.cn/comment/Ii8Scx9Yo
悼念高以翔,https://weibo.cn/comment/Ii8F3zrHG
悼念高以翔,https://weibo.cn/comment/Iit1FjJCC
悼念高以翔,https://weibo.cn/comment/IilMGcIpC
悼念高以翔,https://weibo.cn/comment/Ii96flESm
悼念高以翔,https://weibo.cn/comment/Ii8NRCMXi
悼念高以翔,https://weibo.cn/comment/IihYTnqU7
悼念高以翔,https://weibo.cn/comment/IibtDryFP
悼念高以翔,https://weibo.cn/comment/Ii8iD2AeQ
悼念高以翔,https://weibo.cn/comment/IirVHjdVP
悼念高以翔,https://weibo.cn/comment/Ii96Ak8tt
悼念高以翔,https://weibo.cn/comment/IipTlhEyw
悼念高以翔,https://weibo.cn/comment/Iim07dsie
悼念高以翔,https://weibo.cn/comment/Ii97ZdJCK
悼念高以翔,https://weibo.cn/comment/Ii8WRvYhD
悼念高以翔,https://weibo.cn/comment/Iilvk32r6
悼念高以翔,https://weibo.cn/comment/IihuigP7Y
浙江卫视阻拦高以翔粉丝举行追思会,https://weibo.cn/comment/IiqDq3PoL
浙江卫视阻拦高以翔粉丝举行追思会,https://weibo.cn/comment/Iir3Eq3B5
浙江卫视阻拦高以翔粉丝举行追思会,https://weibo.cn/comment/IiqNH8Y6j
浙江卫视阻拦高以翔粉丝举行追思会,https://weibo.cn/comment/IiqaWcA8s
浙江卫视阻拦高以翔粉丝举行追思会,https://weibo.cn/comment/IiALFfDxL
浙江卫视阻拦高以翔粉丝举行追思会,https://weibo.cn/comment/IiAcWzc7l
浙江卫视阻拦高以翔粉丝举行追思会,https://weibo.cn/comment/IisKFBWE7
浙江卫视阻拦高以翔粉丝举行追思会,https://weibo.cn/comment/IiqGpnl5W
浙江卫视阻拦高以翔粉丝举行追思会,https://weibo.cn/comment/Iircb7ycs
浙江卫视阻拦高以翔粉丝举行追思会,https://weibo.cn/comment/IiAeMjrzd
浙江卫视阻拦高以翔粉丝举行追思会,https://weibo.cn/comment/IiqHJdYmz
浙江卫视阻拦高以翔粉丝举行追思会,https://weibo.cn/comment/IiqEZyFVP
浙江卫视阻拦高以翔粉丝举行追思会,https://weibo.cn/comment/Iir2Gtxjh
浙江卫视阻拦高以翔粉丝举行追思会,https://weibo.cn/comment/IiqDq3PoL
浙江卫视阻拦高以翔粉丝举行追思会,https://weibo.cn/comment/Iirro0XsJ
浙江卫视阻拦高以翔粉丝举行追思会,https://weibo.cn/comment/IiuoYEqfu
浙江卫视阻拦高以翔粉丝举行追思会,https://weibo.cn/comment/IivWuiHY5
浙江卫视阻拦高以翔粉丝举行追思会,https://weibo.cn/comment/IiBr8CAPH
浙江卫视阻拦高以翔粉丝举行追思会,https://weibo.cn/comment/Iiv91mWuc
浙江卫视阻拦高以翔粉丝举行追思会,https://weibo.cn/comment/IiqTGibYu
浙江卫视阻拦高以翔粉丝举行追思会,https://weibo.cn/comment/Iitf07Syj
高以翔父母安慰节目组,https://weibo.cn/comment/IifBYcJyd
高以翔父母安慰节目组,https://weibo.cn/comment/IifUohpHE
高以翔父母安慰节目组,https://weibo.cn/comment/IigKREWiV
高以翔父母安慰节目组,https://weibo.cn/comment/Iih2QxyUm
高以翔父母安慰节目组,https://weibo.cn/comment/Iig7GnLG4
高以翔父母安慰节目组,https://weibo.cn/comment/IifJXtVLk
高以翔父母安慰节目组,https://weibo.cn/comment/IignA9jfm
高以翔父母安慰节目组,https://weibo.cn/comment/Iih2btKjp
高以翔父母安慰节目组,https://weibo.cn/comment/IifFm2Nfq
高以翔父母安慰节目组,https://weibo.cn/comment/IifPQ55sf
高以翔父母安慰节目组,https://weibo.cn/comment/IigbGm2N0
高以翔父母安慰节目组,https://weibo.cn/comment/Iigeocsr4
高以翔父母安慰节目组,https://weibo.cn/comment/IifN3e5Qw
高以翔父母安慰节目组,https://weibo.cn/comment/IigaVBVLn
高以翔父母安慰节目组,https://weibo.cn/comment/Iig1SbqaP
高以翔父母安慰节目组,https://weibo.cn/comment/IigKIbWwI
高以翔父母安慰节目组,https://weibo.cn/comment/IigRayEZL
高以翔父母安慰节目组,https://weibo.cn/comment/IifBYcJyd
高以翔父母安慰节目组,https://weibo.cn/comment/IiggYD57a
高以翔父母安慰节目组,https://weibo.cn/comment/IifT74Wca
高以翔父母安慰节目组,https://weibo.cn/comment/IigVtp6rb
毛加恩婚礼照为高以翔保留位置,https://weibo.cn/comment/IizIhoAU7
毛加恩婚礼照为高以翔保留位置,https://weibo.cn/comment/IiAemErEJ
毛加恩婚礼照为高以翔保留位置,https://weibo.cn/comment/IizXceXZR
毛加恩婚礼照为高以翔保留位置,https://weibo.cn/comment/IiuZYgrvV
毛加恩婚礼照为高以翔保留位置,https://weibo.cn/comment/IipvUkzxI
毛加恩婚礼照为高以翔保留位置,https://weibo.cn/comment/IizTCoaKj
毛加恩婚礼照为高以翔保留位置,https://weibo.cn/comment/IiAjMBnFH
毛加恩婚礼照为高以翔保留位置,https://weibo.cn/comment/IiBTi6E8d
毛加恩婚礼照为高以翔保留位置,https://weibo.cn/comment/IizJCoKE9
毛加恩婚礼照为高以翔保留位置,https://weibo.cn/comment/IivuRE2JK
毛加恩婚礼照为高以翔保留位置,https://weibo.cn/comment/IiB3RqHIP
毛加恩婚礼照为高以翔保留位置,https://weibo.cn/comment/IiAkjocwd
毛加恩婚礼照为高以翔保留位置,https://weibo.cn/comment/IizCRnIJE
毛加恩婚礼照为高以翔保留位置,https://weibo.cn/comment/Iip8J5evR
毛加恩婚礼照为高以翔保留位置,https://weibo.cn/comment/IizNpjatM
毛加恩婚礼照为高以翔保留位置,https://weibo.cn/comment/IiADUb6e7
毛加恩婚礼照为高以翔保留位置,https://weibo.cn/comment/IiqpqwUEp
毛加恩婚礼照为高以翔保留位置,https://weibo.cn/comment/Iir3Eq3B5
毛加恩婚礼照为高以翔保留位置,https://weibo.cn/comment/IizMPfPnX
毛加恩婚礼照为高以翔保留位置,https://weibo.cn/comment/IiALFfDxL
高以翔女朋友,https://weibo.cn/comment/Ii858qJad
高以翔女朋友,https://weibo.cn/comment/Ii83zwrQc
高以翔女朋友,https://weibo.cn/comment/Ii87KFcxl
高以翔女朋友,https://weibo.cn/comment/Ii8cRrMi8
高以翔女朋友,https://weibo.cn/comment/Ii7TcvT8f
高以翔女朋友,https://weibo.cn/comment/Ii8R9e6xm
高以翔女朋友,https://weibo.cn/comment/Ii87ogm0t
高以翔女朋友,https://weibo.cn/comment/Ii86x2cKQ
高以翔女朋友,https://weibo.cn/comment/Ii8bqfiIa
高以翔女朋友,https://weibo.cn/comment/Ii83qDO9g
高以翔女朋友,https://weibo.cn/comment/Ii81zqW54
高以翔女朋友,https://weibo.cn/comment/Ii8cTv2eU
高以翔女朋友,https://weibo.cn/comment/Ii882FHX9
高以翔女朋友,https://weibo.cn/comment/Ii84Irm93
高以翔女朋友,https://weibo.cn/comment/Ii84B5C8g
高以翔女朋友,https://weibo.cn/comment/Ii8rrpeli
高以翔女朋友,https://weibo.cn/comment/Ii896ARdf
高以翔女朋友,https://weibo.cn/comment/Ii8hCluJB
高以翔女朋友,https://weibo.cn/comment/Ii8sCErB5
高以翔女朋友,https://weibo.cn/comment/Ii8fT6Fpn
高以翔才35岁,https://weibo.cn/comment/Ii7XgASy2
高以翔才35岁,https://weibo.cn/comment/Ii7Y6ipSV
高以翔才35岁,https://weibo.cn/comment/Ii7TbmUFA
高以翔才35岁,https://weibo.cn/comment/Ii85AvDg4
高以翔才35岁,https://weibo.cn/comment/Ii7KazFSs
高以翔才35岁,https://weibo.cn/comment/Ii81oxhfV
高以翔才35岁,https://weibo.cn/comment/Ii89bBx6K
高以翔才35岁,https://weibo.cn/comment/Ii7OjnBaB
高以翔才35岁,https://weibo.cn/comment/Ii83qDO9g
高以翔才35岁,https://weibo.cn/comment/Ii81Ywj94
高以翔才35岁,https://weibo.cn/comment/Ii84Irm93
高以翔才35岁,https://weibo.cn/comment/Ii7Js1Sn3
高以翔才35岁,https://weibo.cn/comment/Ii84wlKPE
高以翔才35岁,https://weibo.cn/comment/Ii89L5TF3
高以翔才35岁,https://weibo.cn/comment/Ii8fT6Fpn
高以翔才35岁,https://weibo.cn/comment/Ii82Bimwo
高以翔才35岁,https://weibo.cn/comment/Ii7YLFawO
高以翔才35岁,https://weibo.cn/comment/Ii84oFgBq
高以翔才35岁,https://weibo.cn/comment/Ii82EwJZI
高以翔才35岁,https://weibo.cn/comment/Ii82WewuD
林书豪球鞋印高以翔合影,https://weibo.cn/comment/IiiaCieTZ
林书豪球鞋印高以翔合影,https://weibo.cn/comment/Iijtkntoo
林书豪球鞋印高以翔合影,https://weibo.cn/comment/IipvB5QIW
林书豪球鞋印高以翔合影,https://weibo.cn/comment/IioYoo8B3
林书豪球鞋印高以翔合影,https://weibo.cn/comment/Iiio8wSYZ
林书豪球鞋印高以翔合影,https://weibo.cn/comment/Iil46rTa5
林书豪球鞋印高以翔合影,https://weibo.cn/comment/IioM5s5G4
林书豪球鞋印高以翔合影,https://weibo.cn/comment/Iii4mxzWt
林书豪球鞋印高以翔合影,https://weibo.cn/comment/IiltPw21n
林书豪球鞋印高以翔合影,https://weibo.cn/comment/IigjwnEQz
林书豪球鞋印高以翔合影,https://weibo.cn/comment/IiiYtFkOr
林书豪球鞋印高以翔合影,https://weibo.cn/comment/IijwC0Uor
林书豪球鞋印高以翔合影,https://weibo.cn/comment/IijCRmK68
林书豪球鞋印高以翔合影,https://weibo.cn/comment/IikONlMiO
林书豪球鞋印高以翔合影,https://weibo.cn/comment/IikdeikF6
林书豪球鞋印高以翔合影,https://weibo.cn/comment/IilN266d1
林书豪球鞋印高以翔合影,https://weibo.cn/comment/IikztmaSj
林书豪球鞋印高以翔合影,https://weibo.cn/comment/IijC4kwrp
林书豪球鞋印高以翔合影,https://weibo.cn/comment/Iil8uAAVw
林书豪球鞋印高以翔合影,https://weibo.cn/comment/Iijs2iZVD
高以翔粉丝诉求,https://weibo.cn/comment/Iitx6nzOU
高以翔粉丝诉求,https://weibo.cn/comment/IityC5lf8
高以翔遇见王沥川,https://weibo.cn/comment/Ii8AgjFU6
高以翔遇见王沥川,https://weibo.cn/comment/Ii8lRlhzr
高以翔遇见王沥川,https://weibo.cn/comment/H3mgwnyel
高以翔遇见王沥川,https://weibo.cn/comment/GgVu6pZH6
高以翔遇见王沥川,https://weibo.cn/comment/G8gP8qHCm
高以翔遇见王沥川,https://weibo.cn/comment/G6dixyGjL
高以翔遇见王沥川,https://weibo.cn/comment/G4VALqguZ
高以翔遇见王沥川,https://weibo.cn/comment/FEOEO9uem
高以翔遇见王沥川,https://weibo.cn/comment/FsEv3dpag
高以翔遇见王沥川,https://weibo.cn/comment/FnVJ96tgm
高以翔遇见王沥川,https://weibo.cn/comment/Fj8UVo1bl
高以翔遇见王沥川,https://weibo.cn/comment/Fj8VJFOMf
高以翔遇见王沥川,https://weibo.cn/comment/FhwEt5Phn
高以翔遇见王沥川,https://weibo.cn/comment/FdCbMvgWd
高以翔遇见王沥川,https://weibo.cn/comment/Ff5N2aOce
高以翔遇见王沥川,https://weibo.cn/comment/F8kYcoh3Q
高以翔遇见王沥川,https://weibo.cn/comment/F3A0BCTuF
高以翔遇见王沥川,https://weibo.cn/comment/F5y477xRp
高以翔遇见王沥川,https://weibo.cn/comment/F3SiWb3xZ
高以翔最后一次露面,https://weibo.cn/comment/Ii89tkP6R
高以翔最后一次露面,https://weibo.cn/comment/Ii83zwrQc
高以翔最后一次露面,https://weibo.cn/comment/Ii7TEBFHU
高以翔最后一次露面,https://weibo.cn/comment/Ii86R9kwf
高以翔最后一次露面,https://weibo.cn/comment/Ii82zdWqD
高以翔最后一次露面,https://weibo.cn/comment/Ii8GFt2U4
高以翔最后一次露面,https://weibo.cn/comment/Ii81oxhfV
高以翔最后一次露面,https://weibo.cn/comment/Ii81Ywj94
高以翔最后一次露面,https://weibo.cn/comment/Ii9b9qIah
高以翔最后一次露面,https://weibo.cn/comment/Ii7QP6n5Z
高以翔最后一次露面,https://weibo.cn/comment/Ii8aWo5uH
高以翔最后一次露面,https://weibo.cn/comment/Ii7VoaA0o
高以翔最后一次露面,https://weibo.cn/comment/Ii7Y6ALwS
高以翔最后一次露面,https://weibo.cn/comment/Ii7YE06Pv
高以翔最后一次露面,https://weibo.cn/comment/Ii82EwJZI
高以翔最后一次露面,https://weibo.cn/comment/Ii8AKa629
高以翔最后一次露面,https://weibo.cn/comment/Ii82WewuD
高以翔最后一次露面,https://weibo.cn/comment/Ii81fBITj
高以翔最后一次露面,https://weibo.cn/comment/Ii8bNyrAf
高以翔最后一次露面,https://weibo.cn/comment/Ii8YdsIF0
